{
  "qwen05_q4_f16_save": {
    "a": 26651489.26516462,
    "b": 951227.9549393423,
    "R2": 0.9983826937558776,
    "n": 5
  },
  "qwen05_q4_f16_load": {
    "mean": 425643920.25,
    "stdev": 80945.68160758588,
    "cv": 0.00019017229603571643,
    "n": 4
  },
  "falcon_ssm_q8_save": {
    "a": 276271830.4571427,
    "b": 518566.9642857156,
    "R2": 0.9722688728563011,
    "n": 5,
    "mean": 317757187.6,
    "cv": 0.0366365282419619
  },
  "falcon_ssm_q8_load": {
    "mean": 108271545.75,
    "stdev": 3206173.23769967,
    "cv": 0.029612334574983842,
    "n": 4
  }
}